[{"@type":"mappingTemplate","id":"@1","name":"CAG_M_FF_LISTPRICE","description":"This mapping reads data from flat file and transform the data and load into the sales force pricebookentry object","bundleVersion":"0","templateId":"@3","deployTime":1577723844000,"hasParameters":true,"valid":true,"fixedConnection":false,"hasParametersDeployed":true,"fixedConnectionDeployed":false,"tasks":1,"mappingPreviewFileRecordId":"@2","documentType":"","references":[{"@type":"reference","refObjectId":"@1HW2Jer1d2ghhgalKJfvwK","refType":"fwConfig"}]}]