[{"@type":"mtTask","id":"@1","name":"CAG_T_FF_LISTPRICE","description":"It will read from flat file and load the salesforce object pricebookentry","runtimeEnvironmentId":"@3FdhyZYEM9DecuoHqf42Ww","maxLogs":10,"verbose":false,"mappingId":"@63AzvDZaMdxjB5JwIcwhwt","shortDescription":"It will read from flat file and load the salesforc...","sessionProperties":{},"enableCrossSchemaPushdown":true,"parameters":[{"@type":"mtTaskParameter","id":36037999,"name":"$SRC_FLAT_FILE$","type":"EXTENDED_SOURCE","label":"P_SRC_FLATFILE_CONN","description":"","uiProperties":{"cnxtype":"Flat File","connectionParameterized":"true","logcnx":"P_SRC_FLATFILE_CONN","isMsrcFilterParameterized":"false","isMsrcSortParameterized":"false","objectParameterized":"false","visible":"false"},"sourceConnectionId":"@1mT5SfjGe2klCbuvAboYQE","newFlatFile":false,"newObject":false,"showBusinessNames":true,"naturalOrder":true,"truncateTarget":false,"bulkApiDBTarget":false,"srcFFAttrs":{"@type":"flatFileAttrs","id":6629104,"delimiter":",","textQualifier":"\"","escapeChar":"","headerLineNo":1,"firstDataRow":2,"fwConfigId":"@1HW2Jer1d2ghhgalKJfvwK"},"customFuncCfg":{"@type":"customFuncConfig","id":-1,"connections":[],"inputMap":[],"outputFields":[]},"tgtFieldRefs":{},"targetUpdateColumns":[],"extendedObject":{"@type":"extendedObject","object":{"@type":"mObject","name":"F2491_AWAY_ALL_OUT","label":"F2491_AWAY_ALL_OUT","metadataUpdated":false,"relations":[],"children":[]},"filters":[],"sortFields":[]},"runtimeAttrs":{},"isRESTModernSource":true,"isFileList":false,"handleSpecialChars":false,"frsAsset":false,"fetchMode":"ORIGINAL","tgtObjectAttributes":{},"runtimeParameterData":{"@type":"mtTaskRuntimeParameterData","isConnectionRuntimeParameter":false,"isObjectRuntimeParameter":false,"connectionParameterName":"P_SRC_FLATFILE_CONN"},"overriddenFields":[]},{"@type":"mtTaskParameter","id":36038002,"name":"$SRC_FS_Product_record_types__mdt$","type":"SOURCE","label":"P_SRC_SFA_CON","description":"","uiProperties":{"connectionParameterized":"true","logcnx":"P_SRC_SFA_CON","objectParameterized":"false","visible":"false"},"sourceConnectionId":"@6awStKX3VhEd2TY6bUHOgP","sourceObject":"DUMMY_SRC_FS_Product_record_types__mdt","newFlatFile":false,"newObject":false,"showBusinessNames":true,"naturalOrder":true,"truncateTarget":false,"bulkApiDBTarget":false,"customFuncCfg":{"@type":"customFuncConfig","id":-1,"connections":[],"inputMap":[],"outputFields":[]},"tgtFieldRefs":{},"targetUpdateColumns":[],"runtimeAttrs":{},"isRESTModernSource":true,"customQuery":"select Product_Record_type__c from FS_Product_record_types__mdt","isFileList":false,"handleSpecialChars":false,"frsAsset":false,"fetchMode":"ORIGINAL","tgtObjectAttributes":{},"runtimeParameterData":{"@type":"mtTaskRuntimeParameterData","isConnectionRuntimeParameter":false,"isObjectRuntimeParameter":false,"connectionParameterName":"P_SRC_SFA_CON"},"overriddenFields":[]},{"@type":"mtTaskParameter","id":36038005,"name":"$SRC_PricebookEntry$","type":"EXTENDED_SOURCE","label":"P_SFA_PB_CON","description":"","uiProperties":{"connectionParameterized":"true","logcnx":"P_SFA_PB_CON","isMsrcFilterParameterized":"false","isMsrcSortParameterized":"false","objectParameterized":"false","visible":"false"},"sourceConnectionId":"@6awStKX3VhEd2TY6bUHOgP","newFlatFile":false,"newObject":false,"showBusinessNames":true,"naturalOrder":true,"truncateTarget":false,"bulkApiDBTarget":false,"customFuncCfg":{"@type":"customFuncConfig","id":-1,"connections":[],"inputMap":[],"outputFields":[]},"tgtFieldRefs":{},"targetUpdateColumns":[],"extendedObject":{"@type":"extendedObject","object":{"@type":"mObject","name":"PricebookEntry","label":"Price Book Entry","metadataUpdated":false,"relations":[],"children":[]},"filters":[],"sortFields":[]},"runtimeAttrs":{},"isRESTModernSource":true,"isFileList":false,"handleSpecialChars":false,"frsAsset":false,"fetchMode":"ORIGINAL","tgtObjectAttributes":{},"runtimeParameterData":{"@type":"mtTaskRuntimeParameterData","isConnectionRuntimeParameter":false,"isObjectRuntimeParameter":false,"connectionParameterName":"P_SFA_PB_CON"},"overriddenFields":[]},{"@type":"mtTaskParameter","id":36038008,"name":"$SRC_Product$","type":"SOURCE","label":"P_SRC_SFA_CONN","description":"","uiProperties":{"connectionParameterized":"true","logcnx":"P_SRC_SFA_CONN","objectParameterized":"false","visible":"false"},"sourceConnectionId":"@6awStKX3VhEd2TY6bUHOgP","sourceObject":"DUMMY_SRC_Product","newFlatFile":false,"newObject":false,"showBusinessNames":true,"naturalOrder":true,"truncateTarget":false,"bulkApiDBTarget":false,"customFuncCfg":{"@type":"customFuncConfig","id":-1,"connections":[],"inputMap":[],"outputFields":[]},"tgtFieldRefs":{},"targetUpdateColumns":[],"runtimeAttrs":{},"isRESTModernSource":true,"customQuery":"SELECT id,Brand__c,FS_Brand_Description__c,FS_Category__c,FS_Class_Code_Description__c,FS_Line_of_Business__c,FS_Promo_Group_Description__c,FS_Promo_Group_ID__c,Product_ID__c,Name,Net_Weight_Lbs__c,UOM__c, RecordTypeId FROM Product2\nwhere   IsActive=true","isFileList":false,"handleSpecialChars":false,"frsAsset":false,"fetchMode":"ORIGINAL","tgtObjectAttributes":{},"runtimeParameterData":{"@type":"mtTaskRuntimeParameterData","isConnectionRuntimeParameter":false,"isObjectRuntimeParameter":false,"connectionParameterName":"P_SRC_SFA_CONN"},"overriddenFields":[]},{"@type":"mtTaskParameter","id":36038011,"name":"$TGT_UPDATE$","type":"TARGET","label":"P_TGT_SFA_CONN","description":"","uiProperties":{"connectionParameterized":"true","logcnx":"P_TGT_SFA_CONN","default":"PricebookEntry","objectParameterized":"false","visible":"false","defaultTargetUpdateColumns":""},"targetConnectionId":"@6awStKX3VhEd2TY6bUHOgP","targetObject":"PricebookEntry","targetObjectLabel":"Price Book Entry","newFlatFile":false,"newObject":false,"showBusinessNames":true,"naturalOrder":true,"truncateTarget":false,"bulkApiDBTarget":false,"operationType":"Update","customFuncCfg":{"@type":"customFuncConfig","id":-1,"connections":[],"inputMap":[],"outputFields":[]},"tgtFieldRefs":{},"targetUpdateColumns":[],"extendedObject":{"@type":"extendedObject","filters":[],"sortFields":[]},"runtimeAttrs":{},"isRESTModernSource":true,"isFileList":false,"handleSpecialChars":false,"frsAsset":false,"fetchMode":"ORIGINAL","tgtObjectAttributes":{},"runtimeParameterData":{"@type":"mtTaskRuntimeParameterData","isConnectionRuntimeParameter":false,"isObjectRuntimeParameter":false,"connectionParameterName":"P_TGT_SFA_CONN"},"overriddenFields":[]}],"sequences":[],"inOutParameters":[],"connRuntimeAttrs":[]}]