[{"@type":"mappingTemplate","id":"@1","name":"Fixed width issue","description":"","bundleVersion":"0","templateId":"@3","deployTime":1577709030000,"hasParameters":false,"valid":true,"fixedConnection":true,"hasParametersDeployed":false,"fixedConnectionDeployed":true,"tasks":0,"mappingPreviewFileRecordId":"@2","documentType":"","references":[{"@type":"reference","refObjectId":"@6vwBjBlUaYbcqVX59LaOw7","refType":"connection"},{"@type":"reference","refObjectId":"@3J6nTrDsE3iiG3dFom27qY","refType":"fwConfig"}]}]